-- USERS
INSERT INTO USERS (ID, USERNAME, PASSWORD, IS_ENABLED, IS_ACCOUNT_NON_EXPIRED, IS_ACCOUNT_NON_LOCKED, IS_CREDENTIALS_NON_EXPIRED, ROLE) VALUES
(1, 'a1', '$2a$10$iT63nNLQ8uJFbpvIegrdqeU67S5S4bmZBsFKBz16wfq5k1M0nHU0O',  1, 1, 1,1, 'ROLE_USER'),
(2, 'a2', '$2a$10$iT63nNLQ8uJFbpvIegrdqeU67S5S4bmZBsFKBz16wfq5k1M0nHU0O', 1, 1, 0,0, 'ROLE_ADMIN');

-- RECIPES
INSERT INTO recipe (id, name, description, difficulty, user_id)
VALUES
    (1, 'Beef Stir-fry Recipe', 'A stir-fry recipe with beef and vegetables.', 'MEDIUM', 1),
    (2, 'Greek Yogurt Bowl Recipe', 'A healthy bowl of Greek yogurt with toppings.', 'EASY', 1),
    (3, 'Vegan Buddha Bowl Recipe', 'A colorful bowl with grains, veggies, and sauce.', 'EASY', 1),
    (4, 'Veggie Omelette Recipe', 'Omelette with assorted fresh vegetables.', 'EASY', 1),
    (5, 'Salmon Salad Recipe', 'Fresh salad topped with grilled salmon.', 'EASY', 1),
    (6, 'Grilled Chicken Breast Recipe', 'Simple grilled chicken with herbs.', 'EASY', 1),
    (7, 'Tofu Stir-fry Recipe', 'Tofu sautéed with soy sauce and veggies.', 'EASY', 1),
    (8, 'Protein Pancakes Recipe', 'Fluffy pancakes made with protein powder.', 'MEDIUM', 1),
    (9, 'Hummus Wrap Recipe', 'Tortilla wrap filled with hummus and veggies.', 'EASY', 1),
    (10, 'Stuffed Zucchini Recipe', 'Zucchini halves filled with cheese and veggies.', 'MEDIUM', 1),
    (11, 'Egg White Scramble Recipe', 'Light egg white scramble with spinach.', 'EASY', 1),
    (12, 'Quinoa & Veggies Recipe', 'Quinoa mixed with stir-fried vegetables.', 'EASY', 1),
    (13, 'Grilled Tuna Steak Recipe', 'Seared tuna with lemon and garlic.', 'HARD', 1),
    (14, 'Banana Smoothie Recipe', 'Smoothie made with banana and almond milk.', 'EASY', 1),
    (15, 'Falafel Plate Recipe', 'Falafel served with veggies and tahini.', 'MEDIUM', 1),
    (16, 'Beef Skewers Recipe', 'Grilled skewers with marinated beef cubes.', 'MEDIUM', 1),
    (17, 'Oats & Berries Recipe', 'Warm oatmeal topped with mixed berries.', 'EASY', 1),
    (18, 'Eggplant Parmigiana Recipe', 'Breaded eggplant with tomato and cheese.', 'HARD', 1),
    (19, 'Lamb Stew Recipe', 'Hearty stew with lamb and vegetables.', 'HARD', 1),
    (20, 'Greek Yogurt with Nuts Recipe', 'Greek yogurt with walnuts and honey.', 'EASY', 1),
    (21, 'Vegetable Curry Recipe', 'Spicy curry made with assorted vegetables.', 'MEDIUM', 1),
    (22, 'Baked Haddock Recipe', 'Oven-baked white fish with lemon.', 'EASY', 1),
    (23, 'Mango Chia Pudding Recipe', 'Chia seeds soaked in mango puree.', 'EASY', 1),
    (24, 'Spaghetti Lentil Bolognese Recipe', 'Lentil-based sauce served over pasta.', 'MEDIUM', 1),
    (25, 'Turkey Breast Recipe', 'Juicy roasted turkey breast.', 'MEDIUM', 1),
    (26, 'Coconut Oatmeal Recipe', 'Creamy oatmeal with coconut milk.', 'EASY', 1),
    (27, 'Chickpea Bowl Recipe', 'Chickpeas with greens and grains.', 'EASY', 1),
    (28, 'Grilled Swordfish Recipe', 'Swordfish steaks grilled with herbs.', 'HARD', 1),
    (29, 'Avocado Toast Recipe', 'Toasted bread topped with mashed avocado.', 'EASY', 1),
    (30, 'Mixed Bean Chili Recipe', 'Spicy chili with a mix of beans.', 'MEDIUM', 1),
    (31, 'Pork Medallions Recipe', 'Pan-seared pork medallions.', 'MEDIUM', 1),
    (32, 'Berries Parfait Recipe', 'Layered parfait with yogurt and berries.', 'EASY', 1),
    (33, 'Veggie Burger Recipe', 'Vegetarian patty served on a bun.', 'MEDIUM', 1),
    (34, 'Sea Bass Fillet Recipe', 'Fillet of sea bass grilled to perfection.', 'HARD', 1),
    (35, 'Almond Porridge Recipe', 'Oat porridge with almond butter.', 'EASY', 1),
    (36, 'Couscous Salad Recipe', 'Cold salad with couscous and veggies.', 'EASY', 1),
    (37, 'Herbed Chicken Thighs Recipe', 'Chicken thighs baked with fresh herbs.', 'MEDIUM', 1),
    (38, 'Apple Cinnamon Oats Recipe', 'Oats cooked with apples and cinnamon.', 'EASY', 1),
    (39, 'Spinach Quiche Recipe', 'Baked quiche with spinach and cheese.', 'MEDIUM', 1),
    (40, 'Pan-Seared Mahi Mahi Recipe', 'Fish fillet seared with garlic butter.', 'HARD', 1),
    (41, 'Choco Protein Shake Recipe', 'Chocolate-flavored protein drink.', 'EASY', 1),
    (42, 'Red Lentil Tacos Recipe', 'Taco filling made with red lentils.', 'MEDIUM', 1),
    (43, 'Roast Duck Breast Recipe', 'Duck breast roasted to a crispy finish.', 'HARD', 1),
    (44, 'Zucchini Fritters Recipe', 'Fried patties made with shredded zucchini.', 'MEDIUM', 1),
    (45, 'Salmon Avocado Bowl Recipe', 'Rice bowl with salmon and avocado.', 'MEDIUM', 1),
    (46, 'Tofu Breakfast Wrap Recipe', 'Wrap with tofu scramble and veggies.', 'EASY', 1),
    (47, 'Turkey Lettuce Wraps Recipe', 'Ground turkey in crisp lettuce cups.', 'EASY', 1),
    (48, 'Egg Muffins Recipe', 'Mini egg omelets baked in muffin tins.', 'EASY', 1),
    (49, 'Sweet Potato Curry Recipe', 'Curry made with chunks of sweet potato.', 'MEDIUM', 1),
    (50, 'Chickpea Shakshuka Recipe', 'Chickpeas in spiced tomato sauce.', 'MEDIUM', 1),
    (51, 'Spinach Mushroom Omelette Recipe', 'Omelette filled with spinach and mushrooms.', 'EASY', 1),
    (52, 'Grilled Halibut Recipe', 'Halibut fillet grilled with lemon zest.', 'HARD', 1),
    (53, 'Lentil Pita Sandwich Recipe', 'Pita stuffed with seasoned lentils.', 'EASY', 1),
    (54, 'Avocado Banana Smoothie Recipe', 'Smoothie with avocado and banana.', 'EASY', 1),
    (55, 'Stuffed Bell Peppers Recipe', 'Bell peppers filled with rice and veggies.', 'MEDIUM', 1),
    (56, 'Miso Soup with Tofu Recipe', 'Japanese soup with tofu and seaweed.', 'EASY', 1),
    (57, 'Cottage Cheese Bowl Recipe', 'Bowl with cottage cheese, fruits, and seeds.', 'EASY', 1),
    (58, 'Tilapia Fillet Recipe', 'Baked tilapia with paprika.', 'EASY', 1),
    (59, 'Vegetable Stir-fry Noodles Recipe', 'Noodles with stir-fried veggies.', 'MEDIUM', 1),
    (60, 'Green Smoothie Recipe', 'Smoothie with spinach, banana, and apple.', 'EASY', 1),
    (61, 'Lentil Soup Recipe', 'Warm soup made with lentils and spices.', 'EASY', 1),
    (62, 'Grilled Salmon Recipe', 'Simple grilled salmon with herbs.', 'EASY', 1),
    (63, 'Avocado Toast Dish Recipe', 'Toast topped with avocado and seeds.', 'EASY', 1),
    (64, 'Chickpea Salad Recipe', 'Cold salad with chickpeas and tomatoes.', 'EASY', 1),
    (65, 'Tofu Scramble Recipe', 'Scrambled tofu with veggies.', 'EASY', 1),
    (66, 'Grilled Chicken Recipe', 'Chicken grilled with spices.', 'EASY', 1),
    (67, 'Oatmeal Delight Recipe', 'Creamy oatmeal with cinnamon.', 'EASY', 1),
    (68, 'Quinoa Bowl Recipe', 'Bowl of quinoa with vegetables.', 'EASY', 1),
    (69, 'Stuffed Peppers Recipe', 'Bell peppers filled with meat or rice.', 'MEDIUM', 1),
    (70, 'Scrambled Eggs Recipe', 'Classic scrambled eggs with seasoning.', 'EASY', 1),
    (71, 'Falafel Wrap Recipe', 'Wrap with falafel, lettuce, and sauce.', 'EASY', 1),
    (72, 'Lamb Chops Recipe', 'Grilled lamb chops with rosemary.', 'HARD', 1),
    (73, 'Smoothie Bowl Recipe', 'Thick smoothie topped with fruit and seeds.', 'EASY', 1),
    (74, 'Rice and Beans Recipe', 'Classic rice and black beans.', 'EASY', 1),
    (75, 'Baked Cod Recipe', 'Cod fillet baked with garlic butter.', 'EASY', 1),
    (76, 'Chia Pudding Recipe', 'Chia seeds soaked in almond milk.', 'EASY', 1),
    (77, 'Veggie Tacos Recipe', 'Tacos filled with grilled vegetables.', 'EASY', 1),
    (78, 'Turkey Meatballs Recipe', 'Meatballs made with lean turkey.', 'MEDIUM', 1),
    (79, 'Spinach Omelette Recipe', 'Omelette with sautéed spinach.', 'EASY', 1),
    (80, 'Zucchini Noodles Recipe', 'Zoodles served with pesto.', 'EASY', 1),
    (81, 'Grilled Shrimp Recipe', 'Shrimp grilled with garlic butter.', 'MEDIUM', 1),
    (82, 'Banana Pancakes Recipe', 'Pancakes made with banana batter.', 'EASY', 1),
    (83, 'Lentil Stew Recipe', 'Rich stew made with lentils.', 'MEDIUM', 1),
    (84, 'Chicken Curry Recipe', 'Spicy chicken curry.', 'MEDIUM', 1),
    (85, 'Fruit Salad Recipe', 'Mixed fruits in a bowl.', 'EASY', 1),
    (86, 'Black Bean Burger Recipe', 'Burger with black bean patty.', 'MEDIUM', 1),
    (87, 'Steak Fajitas Recipe', 'Grilled steak with bell peppers.', 'MEDIUM', 1),
    (88, 'Almond Butter Toast Recipe', 'Toast spread with almond butter.', 'EASY', 1),
    (89, 'Grilled Veggie Wrap Recipe', 'Wrap filled with grilled vegetables.', 'EASY', 1),
    (90, 'Tilapia Filet Recipe', 'Tilapia cooked with herbs.', 'EASY', 1),
    (91, 'Egg Muffins (Again) Recipe', 'Savory egg muffins with ham.', 'EASY', 1),
    (92, 'Hummus Bowl Recipe', 'Hummus served with pita and veggies.', 'EASY', 1),
    (93, 'Roasted Duck Recipe', 'Duck roasted to golden brown.', 'HARD', 1),
    (94, 'Veggie Omelette (Again) Recipe', 'Fluffy omelette with veggies.', 'EASY', 1),
    (95, 'Salmon Salad (Again) Recipe', 'Light salad with grilled salmon.', 'EASY', 1),
    (96, 'Grilled Chicken Breast (Again) Recipe', 'Simple grilled chicken filet.', 'EASY', 1),
    (97, 'Tofu Stir-fry (Again) Recipe', 'Tofu and veggies in stir-fry sauce.', 'EASY', 1),
    (98, 'Protein Pancakes (Again) Recipe', 'Protein-rich banana pancakes.', 'MEDIUM', 1),
    (99, 'Hummus Wrap (Again) Recipe', 'Wrap with hummus and greens.', 'EASY', 1),
    (100, 'Stuffed Zucchini (Again) Recipe', 'Zucchini stuffed with grains.', 'MEDIUM', 1),
    (101, 'Grilled Steak with Vegetables Recipe', 'A recipe for grilling steak and serving it with a side of vegetables.', 'HARD', 1),
    (102, 'Chicken Alfredo Recipe', 'A rich and creamy pasta dish made with chicken and Alfredo sauce.', 'MEDIUM', 1),
    (103, 'Vegetable Stir-fry with Tofu Recipe', 'A simple stir-fry made with a variety of vegetables and tofu, in soy sauce.', 'EASY', 1),
    (104, 'Salmon with Asparagus Recipe', 'A healthy recipe for grilling salmon and pairing it with fresh asparagus.', 'MEDIUM', 1),
    (105, 'Beef Wellington Recipe', 'A luxurious recipe for making Beef Wellington, wrapped in puff pastry.', 'HARD', 1),
    (106, 'Vegan Tacos with Guacamole Recipe', 'A recipe for preparing vegan tacos filled with vegetables and guacamole.', 'EASY', 1),
    (107, 'Lentil and Sweet Potato Stew Recipe', 'A hearty stew made with lentils and sweet potatoes, perfect for a cold evening.', 'MEDIUM', 1),
    (108, 'Chickpea Curry Recipe', 'A flavorful and creamy curry made with chickpeas and coconut milk, served with rice or bread.', 'MEDIUM', 1),
    (109, 'Grilled Portobello Mushrooms Recipe', 'A simple recipe for grilling Portobello mushrooms and serving with balsamic glaze.', 'EASY', 1),
    (110, 'Zucchini Noodles with Pesto Recipe', 'A light and fresh recipe for zucchini noodles tossed with a vegan pesto sauce.', 'EASY', 1);

-- INGREDIENTS
INSERT INTO ingredient (id, name, quantity, recipe_id, user_id)
VALUES
    (1, 'Lentils', '200g', 1, 1),
    (2, 'Water', '1L', 1, 1),
    (3, 'Salmon', '150g', 2, 1),
    (4, 'Olive Oil', '1 tbsp', 2, 1),
    (5, 'Avocado', '1 unit', 3, 1),
    (6, 'Bread', '2 slices', 3, 1);

-- DISHES
INSERT INTO dish (id, name, description, recipe_id, dish_type, food_type, diet_type, user_id)
VALUES
    (1, 'Greek Yogurt Bowl', 'A delicious breakfast dish called Greek Yogurt Bowl.', 2, 'BREAKFAST', 'MEAT', 'VEGETARIAN', 1),
    (2, 'Vegan Buddha Bowl', 'A delicious lunch dish called Vegan Buddha Bowl.', 3, 'LUNCH', 'FISH', 'PALEO', 1),
    (3, 'Beef Stir-fry', 'A delicious dinner dish called Beef Stir-fry.', 1, 'DINNER', 'MEAT', 'MEDITERRANEAN', 1),
    (4, 'Greek Yogurt Bowl', 'A delicious breakfast dish called Greek Yogurt Bowl.', 2, 'BREAKFAST', 'FISH', 'MEAT', 1),
    (5, 'Pasta Primavera', 'A delicious lunch dish called Pasta Primavera.', 3, 'LUNCH', 'LEGUMES', 'GLUTEN_FREE', 1),
    (6, 'Beef Stir-fry', 'A delicious dinner dish called Beef Stir-fry.', 1, 'DINNER', 'FISH', 'MEDITERRANEAN', 1),
    (7, 'Greek Yogurt Bowl', 'A delicious breakfast dish called Greek Yogurt Bowl.', 2, 'BREAKFAST', 'LEGUMES', 'VEGETARIAN', 1),
    (8, 'Vegan Buddha Bowl', 'A delicious lunch dish called Vegan Buddha Bowl.', 3, 'LUNCH', 'FISH', 'VEGAN', 1),
    (9, 'Baked Salmon', 'A delicious dinner dish called Baked Salmon.', 1, 'DINNER', 'LEGUMES', 'MEAT', 1),
    (10, 'Avocado Toast', 'A delicious breakfast dish called Avocado Toast.', 2, 'BREAKFAST', 'CEREALS', 'VEGAN', 1),
    (11, 'Lentil Soup Dish', 'Lunch dish with lentils.', 1, 'LUNCH', 'LEGUMES', 'VEGAN', 1),
    (12, 'Grilled Salmon Dish', 'Dinner fish dish.', 2, 'DINNER', 'FISH', 'MEDITERRANEAN', 1),
    (13, 'Avocado Toast Dish', 'Healthy vegan breakfast.', 3, 'BREAKFAST', 'VEGETABLES', 'VEGAN', 1),
    (14, 'Chickpea Salad', 'A delicious lunch dish called Chickpea Salad.', 1, 'LUNCH', 'LEGUMES', 'VEGAN', 1),
    (15, 'Tofu Scramble', 'A delicious breakfast dish called Tofu Scramble.', 2, 'BREAKFAST', 'VEGETABLES', 'VEGAN', 1),
    (16, 'Grilled Chicken', 'A delicious dinner dish called Grilled Chicken.', 3, 'DINNER', 'MEAT', 'GLUTEN_FREE', 1),
    (17, 'Oatmeal Delight', 'A delicious breakfast dish called Oatmeal Delight.', 1, 'BREAKFAST', 'VEGETABLES', 'VEGETARIAN', 1),
    (18, 'Quinoa Bowl', 'A delicious lunch dish called Quinoa Bowl.', 2, 'LUNCH', 'LEGUMES', 'MEDITERRANEAN', 1),
    (19, 'Stuffed Peppers', 'A delicious dinner dish called Stuffed Peppers.', 3, 'DINNER', 'VEGETABLES', 'VEGETARIAN', 1),
    (20, 'Scrambled Eggs', 'A delicious breakfast dish called Scrambled Eggs.', 1, 'BREAKFAST', 'MEAT', 'GLUTEN_FREE', 1),
    (21, 'Falafel Wrap', 'A delicious lunch dish called Falafel Wrap.', 2, 'LUNCH', 'LEGUMES', 'VEGAN', 1),
    (22, 'Lamb Chops', 'A delicious dinner dish called Lamb Chops.', 3, 'DINNER', 'MEAT', 'PALEO', 1),
    (23, 'Smoothie Bowl', 'A delicious breakfast dish called Smoothie Bowl.', 1, 'BREAKFAST', 'VEGETABLES', 'VEGAN', 1),
    (24, 'Rice and Beans', 'A delicious lunch dish called Rice and Beans.', 2, 'LUNCH', 'LEGUMES', 'VEGETARIAN', 1),
    (25, 'Baked Cod', 'A delicious dinner dish called Baked Cod.', 3, 'DINNER', 'FISH', 'MEDITERRANEAN', 1),
    (26, 'Chia Pudding', 'A delicious breakfast dish called Chia Pudding.', 1, 'BREAKFAST', 'VEGETABLES', 'VEGAN', 1),
    (27, 'Veggie Tacos', 'A delicious lunch dish called Veggie Tacos.', 2, 'LUNCH', 'VEGETABLES', 'VEGAN', 1),
    (28, 'Turkey Meatballs', 'A delicious dinner dish called Turkey Meatballs.', 3, 'DINNER', 'MEAT', 'PALEO', 1),
    (29, 'Spinach Omelette', 'A delicious breakfast dish called Spinach Omelette.', 1, 'BREAKFAST', 'VEGETABLES', 'VEGETARIAN', 1),
    (30, 'Zucchini Noodles', 'A delicious lunch dish called Zucchini Noodles.', 2, 'LUNCH', 'VEGETABLES', 'GLUTEN_FREE', 1),
    (31, 'Grilled Shrimp', 'A delicious dinner dish called Grilled Shrimp.', 3, 'DINNER', 'FISH', 'MEDITERRANEAN', 1),
    (32, 'Banana Pancakes', 'A delicious breakfast dish called Banana Pancakes.', 1, 'BREAKFAST', 'VEGETABLES', 'VEGETARIAN', 1),
    (33, 'Lentil Stew', 'A delicious lunch dish called Lentil Stew.', 2, 'LUNCH', 'LEGUMES', 'VEGAN', 1),
    (34, 'Chicken Curry', 'A delicious dinner dish called Chicken Curry.', 3, 'DINNER', 'MEAT', 'GLUTEN_FREE', 1),
    (35, 'Fruit Salad', 'A delicious breakfast dish called Fruit Salad.', 1, 'BREAKFAST', 'VEGETABLES', 'VEGAN', 1),
    (36, 'Black Bean Burger', 'A delicious lunch dish called Black Bean Burger.', 2, 'LUNCH', 'LEGUMES', 'VEGETARIAN', 1),
    (37, 'Steak Fajitas', 'A delicious dinner dish called Steak Fajitas.', 3, 'DINNER', 'MEAT', 'MEDITERRANEAN', 1),
    (38, 'Almond Butter Toast', 'A delicious breakfast dish called Almond Butter Toast.', 1, 'BREAKFAST', 'VEGETABLES', 'VEGAN', 1),
    (39, 'Grilled Veggie Wrap', 'A delicious lunch dish called Grilled Veggie Wrap.', 2, 'LUNCH', 'VEGETABLES', 'VEGAN', 1),
    (40, 'Tilapia Filet', 'A delicious dinner dish called Tilapia Filet.', 3, 'DINNER', 'FISH', 'PALEO', 1),
    (41, 'Egg Muffins', 'A delicious breakfast dish called Egg Muffins.', 1, 'BREAKFAST', 'MEAT', 'GLUTEN_FREE', 1),
    (42, 'Hummus Bowl', 'A delicious lunch dish called Hummus Bowl.', 2, 'LUNCH', 'LEGUMES', 'VEGAN', 1),
    (43, 'Roasted Duck', 'A delicious dinner dish called Roasted Duck.', 3, 'DINNER', 'MEAT', 'MEDITERRANEAN', 1),
    (44, 'Veggie Omelette', 'A delicious breakfast dish called Veggie Omelette.', 4, 'BREAKFAST', 'VEGETABLES', 'VEGETARIAN', 2),
    (45, 'Salmon Salad', 'A delicious lunch dish called Salmon Salad.', 5, 'LUNCH', 'FISH', 'MEDITERRANEAN', 2),
    (46, 'Grilled Chicken Breast', 'A delicious dinner dish called Grilled Chicken Breast.', 6, 'DINNER', 'MEAT', 'GLUTEN_FREE', 2),
    (47, 'Tofu Stir-fry', 'A delicious dinner dish called Tofu Stir-fry.', 7, 'DINNER', 'VEGETABLES', 'VEGAN', 2),
    (48, 'Protein Pancakes', 'A delicious breakfast dish called Protein Pancakes.', 8, 'BREAKFAST', 'VEGETABLES', 'PALEO', 2),
    (49, 'Hummus Wrap', 'A delicious lunch dish called Hummus Wrap.', 9, 'LUNCH', 'LEGUMES', 'VEGAN', 2),
    (50, 'Stuffed Zucchini', 'A delicious dinner dish called Stuffed Zucchini.', 10, 'DINNER', 'VEGETABLES', 'VEGETARIAN', 2),
    (51, 'Egg White Scramble', 'A delicious breakfast dish called Egg White Scramble.', 11, 'BREAKFAST', 'MEAT', 'GLUTEN_FREE', 2),
    (52, 'Quinoa & Veggies', 'A delicious lunch dish called Quinoa & Veggies.', 12, 'LUNCH', 'LEGUMES', 'VEGAN', 2),
    (53, 'Grilled Tuna Steak', 'A delicious dinner dish called Grilled Tuna Steak.', 13, 'DINNER', 'FISH', 'PALEO', 2),
    (54, 'Banana Smoothie', 'A delicious breakfast dish called Banana Smoothie.', 14, 'BREAKFAST', 'VEGETABLES', 'VEGAN', 2),
    (55, 'Falafel Plate', 'A delicious lunch dish called Falafel Plate.', 15, 'LUNCH', 'LEGUMES', 'VEGETARIAN', 2),
    (56, 'Beef Skewers', 'A delicious dinner dish called Beef Skewers.', 16, 'DINNER', 'MEAT', 'MEDITERRANEAN', 2),
    (57, 'Oats & Berries', 'A delicious breakfast dish called Oats & Berries.', 17, 'BREAKFAST', 'VEGETABLES', 'VEGAN', 2),
    (58, 'Eggplant Parmigiana', 'A delicious lunch dish called Eggplant Parmigiana.', 18, 'LUNCH', 'VEGETABLES', 'VEGETARIAN', 2),
    (59, 'Lamb Stew', 'A delicious dinner dish called Lamb Stew.', 19, 'DINNER', 'MEAT', 'PALEO', 2),
    (60, 'Greek Yogurt with Nuts', 'A delicious breakfast dish with Greek yogurt and nuts.', 20, 'BREAKFAST', 'VEGETABLES', 'GLUTEN_FREE', 2),
    (61, 'Vegetable Curry', 'A delicious lunch dish called Vegetable Curry.', 21, 'LUNCH', 'VEGETABLES', 'VEGAN', 2),
    (62, 'Baked Haddock', 'A delicious dinner dish called Baked Haddock.', 22, 'DINNER', 'FISH', 'MEDITERRANEAN', 2),
    (63, 'Mango Chia Pudding', 'A delicious breakfast dish called Mango Chia Pudding.', 23, 'BREAKFAST', 'VEGETABLES', 'VEGAN', 2),
    (64, 'Spaghetti Lentil Bolognese', 'A delicious lunch dish called Spaghetti Lentil Bolognese.', 24, 'LUNCH', 'LEGUMES', 'VEGAN', 2),
    (65, 'Turkey Breast', 'A delicious dinner dish called Turkey Breast.', 25, 'DINNER', 'MEAT', 'GLUTEN_FREE', 2),
    (66, 'Coconut Oatmeal', 'A delicious breakfast dish called Coconut Oatmeal.', 26, 'BREAKFAST', 'VEGETABLES', 'VEGAN', 2),
    (67, 'Chickpea Bowl', 'A delicious lunch dish called Chickpea Bowl.', 27, 'LUNCH', 'LEGUMES', 'VEGETARIAN', 2),
    (68, 'Grilled Swordfish', 'A delicious dinner dish called Grilled Swordfish.', 28, 'DINNER', 'FISH', 'PALEO', 2),
    (69, 'Avocado Toast', 'A delicious breakfast dish called Avocado Toast.', 29, 'BREAKFAST', 'VEGETABLES', 'VEGAN', 2),
    (70, 'Mixed Bean Chili', 'A delicious lunch dish called Mixed Bean Chili.', 30, 'LUNCH', 'LEGUMES', 'VEGAN', 2),
    (71, 'Pork Medallions', 'A delicious dinner dish called Pork Medallions.', 31, 'DINNER', 'MEAT', 'MEDITERRANEAN', 2),
    (72, 'Berries Parfait', 'A delicious breakfast dish called Berries Parfait.', 32, 'BREAKFAST', 'VEGETABLES', 'VEGETARIAN', 2),
    (73, 'Veggie Burger', 'A delicious lunch dish called Veggie Burger.', 33, 'LUNCH', 'VEGETABLES', 'GLUTEN_FREE', 2),
    (74, 'Sea Bass Fillet', 'A delicious dinner dish called Sea Bass Fillet.', 34, 'DINNER', 'FISH', 'MEDITERRANEAN', 2),
    (75, 'Almond Porridge', 'A delicious breakfast dish called Almond Porridge.', 35, 'BREAKFAST', 'VEGETABLES', 'VEGAN', 2),
    (76, 'Couscous Salad', 'A delicious lunch dish called Couscous Salad.', 36, 'LUNCH', 'LEGUMES', 'VEGETARIAN', 2),
    (77, 'Herbed Chicken Thighs', 'A delicious dinner dish called Herbed Chicken Thighs.', 37, 'DINNER', 'MEAT', 'PALEO', 2),
    (78, 'Apple Cinnamon Oats', 'A delicious breakfast dish called Apple Cinnamon Oats.', 38, 'BREAKFAST', 'VEGETABLES', 'VEGETARIAN', 2),
    (79, 'Spinach Quiche', 'A delicious lunch dish called Spinach Quiche.', 39, 'LUNCH', 'VEGETABLES', 'GLUTEN_FREE', 2),
    (80, 'Pan-Seared Mahi Mahi', 'A delicious dinner dish called Pan-Seared Mahi Mahi.', 40, 'DINNER', 'FISH', 'MEDITERRANEAN', 2),
    (81, 'Choco Protein Shake', 'A delicious breakfast drink called Choco Protein Shake.', 41, 'BREAKFAST', 'VEGETABLES', 'PALEO', 2),
    (82, 'Red Lentil Tacos', 'A delicious lunch dish called Red Lentil Tacos.', 42, 'LUNCH', 'LEGUMES', 'VEGAN', 2),
    (83, 'Roast Duck Breast', 'A delicious dinner dish called Roast Duck Breast.', 43, 'DINNER', 'MEAT', 'MEDITERRANEAN', 2),
    (84, 'Zucchini Fritters', 'A delicious lunch dish called Zucchini Fritters.', 44, 'LUNCH', 'VEGETABLES', 'VEGETARIAN', 2),
    (85, 'Salmon Avocado Bowl', 'A delicious dinner dish called Salmon Avocado Bowl.', 45, 'DINNER', 'FISH', 'GLUTEN_FREE', 2),
    (86, 'Tofu Breakfast Wrap', 'A delicious breakfast dish called Tofu Breakfast Wrap.', 46, 'BREAKFAST', 'LEGUMES', 'VEGAN', 2),
    (87, 'Turkey Lettuce Wraps', 'A delicious lunch dish called Turkey Lettuce Wraps.', 47, 'LUNCH', 'MEAT', 'PALEO', 2),
    (88, 'Egg Muffins', 'A delicious breakfast dish called Egg Muffins.', 48, 'BREAKFAST', 'MEAT', 'KETO', 2),
    (89, 'Sweet Potato Curry', 'A delicious dinner dish called Sweet Potato Curry.', 49, 'DINNER', 'VEGETABLES', 'VEGAN', 2),
    (90, 'Chickpea Shakshuka', 'A delicious lunch dish called Chickpea Shakshuka.', 50, 'LUNCH', 'LEGUMES', 'VEGETARIAN', 2),
    (91, 'Spinach Mushroom Omelette', 'A delicious breakfast dish called Spinach Mushroom Omelette.', 51, 'BREAKFAST', 'VEGETABLES', 'GLUTEN_FREE', 2),
    (92, 'Grilled Halibut', 'A delicious dinner dish called Grilled Halibut.', 52, 'DINNER', 'FISH', 'MEDITERRANEAN', 2),
    (93, 'Lentil Pita Sandwich', 'A delicious lunch dish called Lentil Pita Sandwich.', 53, 'LUNCH', 'LEGUMES', 'VEGAN', 2),
    (94, 'Avocado Banana Smoothie', 'A delicious breakfast drink called Avocado Banana Smoothie.', 54, 'BREAKFAST', 'VEGETABLES', 'VEGAN', 2),
    (95, 'Stuffed Bell Peppers', 'A delicious dinner dish called Stuffed Bell Peppers.', 55, 'DINNER', 'VEGETABLES', 'VEGETARIAN', 2),
    (96, 'Miso Soup with Tofu', 'A delicious lunch dish called Miso Soup with Tofu.', 56, 'LUNCH', 'LEGUMES', 'VEGAN', 2),
    (97, 'Cottage Cheese Bowl', 'A delicious breakfast dish called Cottage Cheese Bowl.', 57, 'BREAKFAST', 'VEGETABLES', 'KETO', 2),
    (98, 'Tilapia Fillet', 'A delicious dinner dish called Tilapia Fillet.', 58, 'DINNER', 'FISH', 'GLUTEN_FREE', 2),
    (99, 'Vegetable Stir-fry Noodles', 'A delicious lunch dish called Vegetable Stir-fry Noodles.', 59, 'LUNCH', 'VEGETABLES', 'MEDITERRANEAN', 2),
    (100, 'Green Smoothie', 'A delicious breakfast drink called Green Smoothie.', 60, 'BREAKFAST', 'VEGETABLES', 'VEGAN', 2),
    (101, 'Grilled Steak with Vegetables', 'Juicy grilled steak served with roasted vegetables.', 101, 'DINNER', 'MEAT', 'MEDITERRANEAN', 1),
    (102, 'Chicken Alfredo', 'Creamy pasta with chicken and Alfredo sauce.', 102, 'DINNER', 'MEAT', 'GLUTEN_FREE', 1),
    (103, 'Vegetable Stir-fry with Tofu', 'Stir-fried vegetables and tofu in soy sauce.', 103, 'DINNER', 'VEGETABLES', 'VEGAN', 1),
    (104, 'Salmon with Asparagus', 'Grilled salmon fillet served with fresh asparagus.', 104, 'DINNER', 'FISH', 'MEDITERRANEAN', 1),
    (105, 'Beef Wellington', 'A delicious beef fillet wrapped in puff pastry with mushrooms.', 105, 'DINNER', 'MEAT', 'PALEO', 1),
    (106, 'Vegan Tacos with Guacamole', 'Delicious soft tacos filled with fresh vegetables and topped with guacamole.', 106, 'DINNER', 'VEGETABLES', 'VEGAN', 1),
    (107, 'Lentil and Sweet Potato Stew', 'A hearty stew made with lentils, sweet potatoes, and spices.', 107, 'DINNER', 'LEGUMES', 'VEGAN', 1),
    (108, 'Chickpea Curry', 'A rich and creamy curry made with chickpeas, coconut milk, and spices.', 108, 'DINNER', 'LEGUMES', 'VEGAN', 1),
    (109, 'Grilled Portobello Mushrooms', 'Grilled Portobello mushrooms served with a balsamic glaze.', 109, 'DINNER', 'VEGETABLES', 'VEGAN', 1),
    (110, 'Zucchini Noodles with Pesto', 'Zucchini noodles tossed with a fresh basil pesto sauce.', 110, 'DINNER', 'VEGETABLES', 'VEGAN', 1);

-- DAILY MENUS
INSERT INTO daily_menu (day_of_week, date, user_id)
VALUES ( 'MONDAY', '2025-04-14', 1);

INSERT INTO daily_menu (day_of_week, date, user_id)
VALUES ( 'WEDNESDAY', '2025-04-16', 1);

INSERT INTO daily_menu (day_of_week, date, user_id)
VALUES ( 'TUESDAY', '2025-04-15', 1);

INSERT INTO daily_menu_dishes (daily_menu_id, dishes_id)
VALUES
    (1, 1),
    (1, 2),
    (1, 3);

INSERT INTO daily_menu_dishes (daily_menu_id, dishes_id)
VALUES
    (2, 1),
    (2, 2),
    (2, 3);

INSERT INTO daily_menu_dishes (daily_menu_id, dishes_id)
VALUES
    (3, 1),
    (3, 2),
    (3, 3);

-- WEEKLY MENU
INSERT INTO weekly_menu (start_date, end_date, user_id)
VALUES ( '2025-04-14', '2025-04-20', 1);

-- RELATION: WeeklyMenu -> DailyMenus
UPDATE daily_menu SET weekly_menu_id = 1 WHERE id IN (1, 2, 3);